UID,用户名（共有1606位）,关注日期,签名
31417,KIRBY君,2023-01-05 11:00:33,o△o
55057,怨灵每,2022-08-23 10:24:32,一直打工，经常躺平，偶尔画同人          *有事请联系邮箱mayfghostlab42@gmail.com*
69833,天元,2022-08-27 19:47:08,无时无刻我都想静静
93605,EvEvA,2023-02-25 09:43:55,
129324,然然大人,2024-04-20 15:39:53,○
131169,少女Bflat,2023-04-07 10:15:41,你是不是吃错东西了？
141178,shesaid,2023-04-11 22:12:43,1
173048,ベホイミ,2023-05-22 00:18:35,自宅の中心で愛をさけぶ
203066,antacids,2025-03-19 12:04:51,
253114,霍加狓,2023-04-20 21:52:54,
363796,立口一一一,2023-04-05 12:16:34,
430040,账号已注销,2022-09-20 15:07:17,
508800,蘑菇椰酥,2022-07-19 23:37:39,萎了。
519766,壊掉De棉花糖,2023-01-08 21:29:33,...
534647,Haro_M,2023-01-15 08:39:13,搞AI的。miku/双子推，C社六子/泛术/同人音乐/古典厨；音游菜鸡，主玩烤/雷亚系/喵斯/rotaeno。
542784,BadNight,2023-07-20 19:34:27,资深neet 
602185,十庭,2022-05-26 10:48:29,
618272,没人理,2023-01-14 05:07:46,随缘更新！
744831,RtHon_张伯伦,2024-04-08 20:54:07,玩史同玩的
759480,睡觉的Aho,2023-05-25 03:53:03,嗷！
819334,中禅寺霾丸,2023-09-28 23:15:05,微博：@中禅寺霾丸  
866636,Neilaaaaaa,2023-04-06 22:40:40,I DO MY BEST
1301933,余音ECHO,2025-01-13 12:03:33,一些自己在做的东西
1408968,You are Best friend,2022-10-24 15:57:31,存在过
1499194,VDF_TRUCK,2024-10-25 15:14:20,Winter of Reborn。
1575080,しょくばい,2023-03-14 22:24:43,暂时“像是”北京公交up，同时玩点城市没品梗跟自己oc。混乱中立人，日常自闭，渴望每天都变得更不那么无知。
1661597,泥巴まる,2023-05-09 23:09:39,(´･_･`)以下消息你看不见
1733856,七色喵喵拳,2023-02-06 13:21:23,茨茨和喵喵O(∩_∩)O音乐和语言
1827804,鱼饵94,2023-06-03 02:37:20,
1964603,锯子_后缀,2024-11-04 04:53:12,八小时战争之畅聊二次元被夜班超管μ沙
1974967,UFJockey,2023-09-30 13:52:54,你滴懂哥，闵大荒唯一网哲（自封），爱撕衣半肾用户^_^
1996133,雾屋子,2024-03-28 02:07:43,做
2011106,失重P,2023-06-17 22:01:14,Вы распинаете свободу  но душа человека не знает оков! 
2075679,神界著名快递员,2022-11-10 20:35:08,金野火織は自分で決めたい 俺是盐酸君/新城博史 目前主玩太鼓之达人 中世纪文化爱好者 也是马骨一枚 特摄爱好者 最爱昭和骑士  
2186604,郭海皇,2022-07-18 20:54:47,1
2297628,阿圈诺夫卡,2022-08-23 05:53:55,=甜甜圈/最近搞舟和鳊鱼/UTAU式人力和SVC套皮ACE/约稿请看工房/X@mirukudonatu/wb同名
2297882,宝宝大副,2025-04-20 19:53:48,鹅
2333267,玄米四合,2025-02-19 02:42:00,早睡早起。
2468876,奇肯超坑,2023-11-24 21:26:53,気持ち悪い
2668953,骸呀骸呀,2024-11-15 13:43:55,平平无奇画画人【在上班，不接稿
2711091,darkdick666,2023-02-20 02:47:44,究极雷点是对小马的生命不恰当发言的人渣，专注南极大开发，会发一些自制的mmd、人力、手书以及其他内容，随缘更新
2771564,yutzusa,2025-04-01 16:23:37,.
2926328,Maoi罐,2022-08-13 14:44:10,
2997140,CRWKR,2023-01-08 18:50:07,
3203821,R24ver,2025-03-15 04:48:55,生于1961年，37岁，无性别，高中生，再开准备中……
3402449,厘仔仔,2025-06-02 16:58:39,全平台差不多都是厘仔仔，自娱自乐的oc人什么都试着玩玩/如果我的视频哪怕有一点让你感到开心都非常感谢
3459695,Meziro,2022-09-17 10:39:40,
3464150,水中紀行,2025-03-31 00:54:07,半透明的影子是活着的风。
3502273,羚人,2023-01-11 01:15:33,不授权任何
3608499,选山,2022-11-09 20:22:37,我摆烂了
3719942,kaz-u,2024-07-17 02:39:11,時の猫にトラバサミをつけて
3878896,尾头乌子,2023-03-31 14:18:52,我爱你已经太晚了，你是万古常新的美善，我爱你已经太晚了。
3902797,惶惶惑惑的羽沫,2022-07-09 11:57:09,太多的事我都在逃避，但就我喜欢的决不能放过。
3909288,热带鱼之夜,2022-05-19 02:41:03,懒死了 死了
4091660,sugarhoshi,2023-04-03 12:54:06,早睡生发中
4119408,_THoTH_,2023-11-18 04:55:56,杂物堆放
4157722,墨风TXT,2023-07-30 11:25:07,（(ﾟДﾟ)ﾉ
4367791,朝日禮讚,2023-09-24 04:19:49,=有朝一日 活死人
4423693,下北沢氷室,2023-03-01 14:08:33,咕噜咕噜咕噜咕噜
4444748,Am昵称太短,2023-10-14 18:35:44,普通亻纍
4604057,LWF_,2023-07-21 23:25:18,被您的音乐拯救的人是我 晚安
4606342,咪咪麻麻deepdark猫,2024-12-06 00:35:02,鱼韵单推 因为是猫所以爱?
4687891,狂气の馒头,2023-07-19 19:02:28,
4798402,奈可塔克,2023-05-18 14:23:45,私信/评论通知已关 有事请直接加我本人联系方式 2936134394 是一个主歌声合成的人。 约稿还请看公告和置顶
5020724,超高校级萌可,2024-05-11 13:26:24,……
5175842,袖珍神学,2023-05-04 18:48:13,風は僕のことは知らず
5318276,空希羊,2023-09-20 22:46:10,
5537030,慢慢儿游的鱼,2023-10-16 16:23:01,请输入个性签名
5673042,幻想诗莉,2023-06-27 20:17:00,工事中！我非常喜欢桑抓  LOFTER@幻想诗莉 - 其他平台搜索fantasyshinnie
5725310,我是方正,2022-10-14 09:06:45,
5839133,橘猫馅伯爵,2023-11-18 12:13:51,
6024868,kurma__,2023-03-11 03:03:17,ʾài dziì kí | svabhaja
6102364,朱大大大大大卫,2023-11-20 21:59:08,演奏区小众赛道up主
6491839,nasu_,2023-06-13 11:47:43,make sure that no one is watching if you’re dancing alone
6723815,安托普Antemp,2022-08-21 05:26:01,黄昏恐惧症
7000924,剧情加入,2024-07-31 16:16:30,
7025037,雨瑜,2023-03-07 00:33:19,只是个看动画的poor boy。/BGM：https://bgm.tv/user/502240
7194238,企鹅松,2023-04-27 22:49:17,这个人很抽象，什么都可能搞
7251420,幽灵扭蛋机,2025-05-05 19:42:11,我是渊 看图走微博 约稿走工房/米画师 ←同名 现生超忙的研究死  成分单一铁血oc人热衷于自娱自乐 宇宙级自嗨选手八百年不搞一次同人
7320092,AcHtun,2023-04-17 11:53:57,
7717617,安达站岛村下inUSRE,2023-01-17 09:58:29,文明是人的无用的激情
7804944,kloverr,2025-04-04 22:47:56,
7940688,山绥,2023-07-22 07:58:03,Ignorance is a bliss.
7999374,卡莲_起床太慢哦,2023-03-31 06:08:38,头像画师 @monster010711  背景画师 @火照ちげ （大会员过期了背景无了呜呜呜）
8067068,咸鱼一板喵,2023-05-10 13:58:27,VOCALOID日语填词、作词，小号“咸鱼一板孬”
8245818,账号已注销,2023-03-31 06:19:32,
8426308,MSACV,2023-11-06 21:34:06,音游/搬运/烤肉
8657666,水月蓮,2023-03-15 03:11:01,
8669244,ゆかい,2022-12-23 01:31:27,我是开哦
8690460,kz_jr2,2023-07-07 03:42:46,朝靄
8864136,uphandC上手,2023-03-13 10:39:05,单机乙游制作中
8923564,Centromere,2023-01-02 02:39:24,这个马骨没有填简介啊~~~
9019847,Sgt_Marsht0mp,2025-03-13 23:36:06,我要精神鸭片！
9326653,账号已注销,2023-01-12 01:15:05,
9497960,新音光,2024-12-19 18:33:08,为了光苏拉塔！
9641248,亚芬巴姆,2025-07-18 17:24:15,
9644700,sworl_FT,2024-02-04 20:11:40,无法原谅
10259218,BlueLimbo,2022-05-24 23:10:44,公众号同名
10719342,夏野桃,2025-05-29 12:54:59,感谢喜欢但并不专门做任何一种视频，也不常投稿，偶尔想到什么就上来发个什么，谨慎关注><
10724007,命命ちゃん,2022-05-24 12:15:29,懒得用，评论通知关了有事最好私信 米画师@命命酱 邮箱：3282220294@qq.com icon by PYOKIRIO
10925450,SunkenKeep,2023-01-17 20:57:04,眠海的城
11002514,终末的カルデネ,2023-04-23 20:34:17,Et in Arcadia Ego
11269019,彦茶茶茶茶茶茶,2023-07-12 10:26:52,就，瞎搞搞吧。
11285839,VictorVonDoom,2022-07-01 12:38:59,推送请看往期投稿水生生物识别，上看鱼APP趣味水生物咨讯，上看鱼APP
11314278,蓬苯山辉夜,2023-06-13 18:28:42,ⓘ 该账号封禁中
11525369,Lilin_FAF,2024-02-04 15:24:49,缄口不言，视而不见
11537289,Suzusui,2023-06-03 09:19:14,ᗜˬᗜ 随便搞着玩 不知道为啥啥都不干都能持续涨粉（）
11673721,栗悟饭与Dr-p,2024-11-27 14:47:24,
11698285,仿生毛豆Z,2023-05-11 21:29:33,
11731461,吃猫小分队队长,2022-10-02 22:47:09,
11769572,歪椅,2024-08-23 00:57:23,
11924036,维内加-多比欧,2024-08-25 14:41:31,突然发现以前的签名太像册妹了
11963816,熊谷次郎直実,2023-03-20 21:59:27,叩けここ一番 狙い打て鳥越 グラブさばき見せて 今日も勝ちにつなげ
12104945,深红救世,2022-11-21 02:47:03,三十六烦恼风
12150093,GiveLifeBToMusic,2025-04-25 12:32:46,
12189984,文晃水英,2023-05-15 00:23:35,proletarian present
12252377,idisksksis313,2022-06-15 06:54:01,OooOoooo
12273406,KS_9,2024-03-13 19:14:59,
12357509,CNShadowMoon,2022-12-29 23:31:59,摸了
12396316,明室羊,2022-10-20 06:58:43,无能之人
12897265,倒吊花园,2025-05-02 20:24:01,=花園。不定期失踪，mhs：倒吊花园。头像是@猫村拓野 ←臭宝画的！
12937237,宇月莲,2023-03-13 02:46:28,臼齿咔嗒咔嗒 臼齿咔嗒咔嗒
13013595,97989074,2023-11-28 23:24:50,这是个bot账号，怎么可能会写东西啦
13030095,咸溪,2023-10-21 14:12:35,任何事情一旦失去平衡就会崩塌
13195395,梓罗Azusara,2025-06-17 01:14:24,与生活战斗直至死亡
13365145,在那渡水之地相见,2023-05-10 14:48:38,
13386770,飞翔的肉片,2023-07-26 12:20:39,
13675302,呼儿伴我行,2023-11-19 02:36:20,请被我们骗钱（bushi）
13824256,幽灵鸭嘴兽,2023-01-02 17:20:15,上头马骨……
14183616,暂时不予显示,2023-11-12 23:12:47,It's only after we've lost everything that we're free to do anything
14205474,東ドイツ宇宙放送局,2023-03-24 13:32:56,东德宇宙广播局
14399135,WhiteGhost233,2023-07-26 18:54:30,
14427243,月尾步,2023-06-10 12:34:57,
14456592,富土苹果,2023-06-30 01:21:18,@+_+
14601174,balancedbirds,2023-07-30 11:15:37,平衡鸟，被99硬控
14703316,深潜梦境,2022-08-17 23:42:11,永久的睡眠
14715172,果酒湖居士kaka,2023-11-29 16:38:18,但有稻黍足，微躯更何求？
15240097,机智的唐尼玛,2022-05-20 08:45:23,
15607011,Luitpold,2024-03-25 13:17:09,薪尽自然凉。
15687708,Amaretu,2024-11-26 14:18:51,
16057265,DesireriseD-,2023-09-16 09:34:18,这里不存在属于我的声音
16083947,神犬22,2024-05-06 14:12:12,困
16133368,Melanterite水绿矾,2024-08-28 21:41:32,The church bells all were broken.
16668209,时光橘,2022-06-09 22:00:35,To The No.1
17325220,磔庭,2024-04-21 21:42:02,
17585585,Nuniga,2024-12-01 06:43:27,( ˙ε . )?
18393918,口几舟,2022-12-13 00:59:56,wb@舟几口太郎
19171487,霾_Oizkf,2024-04-11 10:04:35,空空如也失心瘋
19459333,正正扣子,2022-09-29 11:27:54,
19591995,大大大大大钊,2023-09-20 14:58:36,这个人懒死了，什么都没写（‘• _• ’）真的
19854834,駄目世,2023-04-10 21:36:24,インヤー
19971790,万楽万吉,2023-01-11 16:29:23,啊好可爱的小兔叽，以后就跟我吧w
20341932,Mellow_Death,2023-07-19 17:13:52,其实是文盲，和人说话靠脸滚键盘
20376446,Kariido,2024-08-15 03:27:13,中国荣耀国家队队长喻文州出征顺利^^
20578444,苏格压力,2023-04-05 19:30:28,已经似了（还没似）
20869024,afterdrak,2025-04-20 19:53:43,
21133186,账号已注销,2023-03-14 23:33:01,
21584393,Ekagami_,2024-04-12 16:37:03,NHKにようこそ！
21642014,良き事のため,2022-08-29 17:34:44,用爱发电，欢迎白嫖。不定时更新。游戏设备是学院终端机。
21685919,KJ卡莉,2023-02-15 18:13:28,
21986309,伊木栖龙,2023-12-05 16:54:24,欢迎来到互联网
22315993,流浪的猎人,2023-05-09 12:12:49,过去的VOCALOID/其他调教软件爱好者，极不专业的业余MIDI爱好者，热衷于捣鼓掌机的特定内容以及游戏开发。
22401982,苏删删,2023-05-23 00:20:24,弹琴画画搬运工。微博@我是你苏删苏大删
22702039,砂利根,2023-04-01 19:54:18,虽然但是也无所谓
23122605,幽蓝咖啡,2022-10-19 18:21:05,祸兮福所致，福兮祸相随
23160033,Cobaltbluu,2023-06-22 21:27:06,雨、鱼、春、鸟、果
23335346,乌有之门,2023-01-11 12:25:28,什么都没有
23437991,账号已注销,2023-05-14 08:47:29,
23560223,_宇宙大总统,2023-06-03 14:58:42,世界大电影！粪作和海星！用冰淇淋炸掉大楼！
24051364,一般通过嘉靖,2023-02-28 06:07:34,治安疏PTSD治愈中。 「立入禁止」
24152568,s1mpleHappy,2022-11-09 23:01:30,看什么看Σ(ﾟдﾟ；)
24169318,末梢神经_Peri-nerve,2022-09-15 01:37:16,希望能像烟花一样终结
24187880,多世界旋木,2023-02-07 01:55:53,待拂晓的光
24323140,障害のノア,2023-05-31 08:58:23,左转，红灯。前进，红灯。
24779372,天晴不疗情,2022-10-16 15:43:01,
24832579,隠遁に光る希望の屈折,2024-09-21 01:43:26,不混B站。梨本群936012443欢迎各位加入
25192598,PICture图,2024-09-29 23:31:19,图人 我做oc视频和无他物调声 实际defo厨 实际杂物间
25200203,扇贝柚,2025-07-09 12:59:58,一生懸命中 其实是砗磲吗
25331591,归鵺Akita,2024-12-06 01:39:38,Never left without saying goodbye
25352127,Kendrich,2022-08-19 15:48:09,无限期停更
25652938,账号已注销,2022-08-29 22:15:26,
25726776,逆时针走一圈,2023-01-08 00:35:11,
26541094,夜光列車,2023-04-21 17:13:28,=奈 微博/书/lof同名 正片在微博 vocaloid/泛v kai性恋 画cos双修 不分号 感谢关注和互动w
27018838,ウワサ,2022-11-09 16:10:46,... ...？
27316193,游民大舒,2023-03-12 00:08:13,介绍广东高中升学率、录取情况、自主招生。 顺序:深圳公办、广州优秀公办、广东省前100所。 大舒探学校，你想看哪所，留言告诉我。 求爆照爆料
27407787,VC的音乐盒,2023-08-23 15:33:37,帅的我都爱 姐妹两人一号，不是精分
27478131,温郁金,2025-07-18 01:58:13,
27579879,NIWANGO公司,2022-07-18 11:53:12,naidesu
27594080,xqz7s,2022-09-14 23:47:40,臭打游戏的^^
27738811,对象已沉默,2023-01-30 06:50:05, 
28013816,手撕固学案,2022-11-20 23:20:48,酸黄瓜真是文化瑰宝了
28057688,白瀨いる_,2025-01-05 14:32:15,做什么都是兴趣使然！不接推广运营别问了
28116203,唯式电话_停滞中,2023-07-31 22:10:47,私人账号意思是私了的人的账号
28590095,自闭bot,2023-05-13 16:09:33,
29162781,阿比派派茶,2023-03-01 03:03:17,
29214607,MOON-_-CHILD,2022-09-20 22:39:18,这个人很懒，什么也没有留下（¯﹃¯）
29280489,安心院忘书,2023-08-24 15:00:05,
29628483,过氧化物酶体,2022-08-28 11:15:13,⊙□⊙ i am 0
29991747,Kira_Moe,2024-05-08 12:51:21,
30655273,GZY4REAL,2024-12-19 15:22:12,天天开心
30764536,灼眼的桜樱リ,2023-04-05 11:58:00,请输入新个性签名
31550496,玉宫_,2025-06-10 11:12:08,嘴臭容易說錯話……
32554071,老公拌飯,2023-01-30 16:58:36,
32802286,上野羽由,2023-04-25 08:55:19,endless
33263599,Miko_Daze,2023-02-25 00:22:37,リンリンリンリンリンリンリンリンリンリン
33278416,九条千咲_official,2023-01-20 01:25:27, ´_っ`)人 萝门
33539081,锤一,2023-01-21 15:23:57,
34012216,咖喱星人二號,2022-09-22 14:43:04,咖哩/Leka/レカ。公式网：https://rekacurry10.wixsite.com/website
34372682,可可果然是万豪顿吧,2022-08-21 21:41:07,画想画的，然后睡觉
34446801,请在此处输入nickname,2023-03-21 13:29:45,先空着吧
34724686,肄清退士,2023-06-19 19:07:50,
34755429,海边的蓝月亮,2023-03-31 06:12:52,杂食乐迷，什么都听 萌新球迷
35135099,Moiiiiiiiiiii,2023-11-15 16:33:24,一两二三事
35461160,一生气就放出千万伏特,2023-03-12 01:09:17,学会动用理智
35520999,叁叁叁歲,2024-12-10 14:47:11,
35602306,垂霜,2023-07-12 02:38:08,向你展示出全部的日夜
36274806,在喜欢之后是什么呢,2025-05-12 23:32:08,
36745495,ROUTER0209,2023-01-07 13:51:46,0。fo？f。end？bee 1_-;?!0end！？^
36790138,4atrii,2023-04-06 00:03:05,给力
36869912,金鱼大陆,2023-01-21 18:48:30, 还没有开始
36951337,RheinX莱茵,2025-02-26 23:16:13,「他们回来了 伊里奇」「别忘了 你们一直存在」
37088881,万事污糖分,2023-11-09 11:17:25,吃吃喝喝乐乐
37206501,invisible-mochi,2023-03-19 23:34:02,
37212498,灰熊上幻影,2024-12-30 00:35:10,事日牛玩家，会一点点c#
37260123,LilyLilyABCD,2022-08-09 22:38:31,
37627519,奇异对联式悲歌,2023-03-19 07:30:16,
37883402,廣西3D立體烏龜,2023-01-07 19:21:22,這個樂子人很神秘，什麼都沒有寫。
37908329,中出叛徒,2024-10-31 13:48:20,见性志诚，念念回首处，即是灵山。
38039589,Ferdinand_C,2023-04-05 19:26:10,一般通过合众民
38044998,巴拉巴拉谁会在意名字,2022-07-20 16:58:33,我不理解为什么名称被砍掉了一个字，巴拉巴拉谁会在意名字呢—巴拉巴拉谁会在意名字。
38092471,记文_,2025-01-16 15:24:57,社交非常非常恐惧，不会画画
38135692,ELEDIAN,2023-05-22 23:45:19,
38405883,KIAN瓜子,2022-12-05 17:10:02,
38483801,欢迎来到极贫的世界,2023-05-06 15:04:14,评论不全部点赞只是单纯社恐，不是高冷 私人账号，发什么都有可能 私信前请看置顶
39021878,百幕百合,2024-02-07 06:12:08,百分百晴天的贝斯手。喜欢小樽三小只，偶尔做做翻调……
39161760,本间sama,2023-07-03 22:52:15,乔庄打扮拍去身上火焰，放弃辩解只为延增寿数 
39407050,ReniAno,2024-09-02 14:42:23,我々は逆噴射である
39471331,BibAbuNie,2023-04-22 07:34:19,绘画技术不精也不专业，请友好交流~ 不授权任何在此平台发布的作品，请勿私自使用，感谢支持
39478528,看猫用,2022-08-19 13:58:14,。
39543665,Padealse,2025-04-24 01:53:13,プラトニツクスウイサイドですね
40468923,韩一贤,2022-08-21 20:48:10,不认识但是是产品痴
41097904,AiricZen,2023-06-18 13:31:06,网易云id：Zofko
41907274,lopynat,2023-01-20 21:10:05,a consolidated consciousness
44528116,账号已注销,2023-03-31 00:51:32,
44746471,冬泽枝礼,2024-04-04 19:30:56,一刀一刀燃烧刀！
45040769,地上波見どけ,2022-07-03 09:32:31,想搞P站会员结果贝宝和界面出错谷歌引擎等手机烂了换非华为系，还有我要重返梅萱和成为番长糕手，然后万努什么时候再贩开
45255004,メル厨,2023-10-31 12:02:04,
45878583,阿罗罗螺罗,2022-09-24 22:52:39,owdjbdshdhbdfkwjwkwsl
46525736,暴雨命案,2023-04-16 18:30:26,你好 我叫Андрей
48186477,小企鹅几何,2024-07-03 20:50:44,自在如风
51372726,无料垃圾,2023-11-14 17:19:35,你好，我是免费垃圾！ 我不擅长讲话 464367474我只在这里接稿！ 
52491871,沙漠的呼吸,2023-06-18 00:13:20,
52665252,ddddreammmm,2022-12-05 04:11:47,
52783193,稚村南,2024-05-17 16:20:57,该记的记不住，后面的忘了
52808481,吉品串,2023-08-12 02:28:27,
54270667,账号已注销,2023-09-30 01:58:45,
56430896,狗米小饭,2023-04-25 21:57:29,你好 
57905660,haneww,2025-01-16 20:05:02,「抜心」強い心が欲しいと思いました。
59399696,缩脚里,2023-06-28 13:39:49,合成音声/音mad/競走馬/リン廃、大帝推+大锤产驹应援中+牝马全肯定  
60671322,菸菸tobacco,2023-04-22 10:46:22,我们可以拥抱到一切结束
65449618,格鲁贝特少校,2025-04-10 18:54:32,圣质如初之人 ~ A person of holy stupid 
65993958,栾大猫,2025-04-11 23:40:14,
69739631,萌え萌えキュ_,2023-02-20 17:49:51,U r something else.
70864528,红刺海胆,2024-03-27 11:15:02,希望有一天能赚大钱，出专辑，开live
73452735,某只无用的熊,2022-12-29 18:53:21,你是不是很无聊？都翻到这里来了呢～(￣▽￣～)~ 我什么时候能学会做人力和音骂
79954076,囗口人,2022-10-26 23:12:26,想成为一个什么都会的人啊，嗯
80264910,白璱,2023-10-15 10:41:44,无风就由我鼓动 混音
81082248,七号置物间,2022-12-03 17:18:27,放些自己喜欢的
82384516,随性不逾,2023-10-17 17:57:01,非专业词作/渣混音/策划（不定期更新
82632219,纸鸢EAbird,2025-05-18 23:15:33,只是一只不知道从哪来也不知道到哪去的人形自走生物罢了。正在为了实现不存在的『期盼』而游荡。
84636087,一头顶问号,2024-02-06 09:44:55,?
85290411,阿蒙JNK,2023-03-19 13:10:45,纵使我是禽兽 难道就没有资格生存吗?
85322483,F4000_,2023-01-20 22:16:35,じぶんけんお
85652746,椿叶花椒,2022-10-10 22:22:41,你好
85925498,BA4QHZ-折腾人,2025-05-21 05:39:16,
86162985,班德没活了,2023-03-06 13:21:19,良言一句三冬暖 盖伦发发六月寒
86229333,星星人入侵,2024-01-01 20:58:40,嚯嚯嚯
86442941,一块夜,2023-01-31 01:21:36,可惜夜
87423286,引栗子,2022-12-19 01:29:15,
87915319,问就是卡其脱离太,2023-10-27 00:18:16,
87919600,ElecNeko_電子黑猫回廊,2025-07-16 11:56:04,=電猫/ElecNeko｜ 普普通通的oc人｜ 关注前请务必阅读置顶
88149046,被告人杯糕_,2023-09-09 12:22:23,不老不死
88742252,小憨包楚宇梵,2024-05-24 19:27:37,是可爱的男孩子哦～ 被窝：314267666
91291562,誰能不喜歡麥哲倫,2022-10-28 02:42:18,我真懶
91513682,蟑螂藥物迫擊炮,2023-07-29 15:13:45,尸體
91740814,白四火,2024-10-15 16:36:26,屑人一个
92418714,bili_92418714,2022-10-05 22:14:18,
93734588,陈冰辞,2022-07-14 22:39:34,
94108413,LiveinterF,2024-03-09 01:56:45,请勿摄入过多互联网
94724836,账号已注销,2022-09-24 21:50:31,
95523111,我们的墨丘利,2025-04-11 01:34:28,你好，冲浪娱乐用账号
95655318,笙歌シへ,2025-07-14 22:37:21,这里是笙歌，推奥伯龙/阿比盖尔/小教授/太公望/莉莉丝/烟雾镜 墙头贼多但爱绝不会变 攒石等兽蕾、学姐
97872899,小青总的日记,2025-06-24 09:48:48,
101175250,貓貓一號機,2024-08-08 17:33:26,我只是来吃饭的？！
103414270,LTisatis,2023-04-02 10:18:18,置之死地而后生
103416513,推拉提压,2024-11-13 14:56:23,
104424795,神原骏河_official,2023-06-13 14:03:49,人生可没有暂停哦。
104595358,羁绊凉菜,2023-08-27 22:30:37,(´ｰ｀)zzZ
104660275,ruin_takasugi,2022-10-31 10:45:07,情报弱者
105244814,Ruthstorm,2024-02-11 05:20:46,ice dropping                                              可以叫我葵/RS（ルス）
106356902,羽生纸鸟,2023-10-02 21:05:10,君以外害
107299194,账号已注销,2023-02-20 19:31:05,
107808199,清汤堂堂大战数位板,2022-09-04 11:18:58,不要停下来啊！！
108228574,墨冰橘罗inkice,2022-08-14 20:53:38,寒境深邃，冰心如墨
114469330,赤氷果实,2023-08-05 21:09:55,这是个人自娱自乐用号
116445142,一般路过131,2022-08-20 20:12:15,
122591989,叠加的刹那,2023-07-15 08:18:04,ラララ！ラ〜〜〜〜！（手动画绿心）自译卡曲和特典抓详见专栏^^
123666318,哦组屠呦呦那边,2024-09-25 09:17:57,
123788869,wuhhyan,2023-10-14 22:04:08,。。、
124030749,カゼヒキ厨,2023-07-22 11:12:12,銀のさじでソーサー叩けば古代魚と， 海の底の遺跡へトリップ。
126218323,埃泽今天吃什么,2024-07-14 23:39:39,破防了来查你跌成分来了？
130119263,mio2141,2025-06-08 23:30:12,
130159972,Raindo0511,2025-01-06 08:09:55,累了
130622144,霧雨-魔怔沙,2022-06-09 21:29:44,魔怔東方厨 例民， 办实事比什么都强    已经没有时间了。。。
137572401,烟城清云,2024-06-10 14:40:27,两岸青山相对出，孤帆一片日边来。
138445825,bunnybag,2023-05-09 19:41:12,graphic design、text design
149159017,Hoemice,2024-10-01 00:40:59,林海雪原
149955296,vnjjshajajd,2022-06-19 20:16:47,
150209162,StayHomeHub,2022-08-21 21:34:15,
151415522,間宮夢久,2022-08-07 16:55:22,
151467189,1001111100111111,2024-10-04 04:27:33,一般摸鱼的路人
153098695,账号已注销,2023-01-01 15:57:37,
154142725,羊午,2023-10-26 23:38:41,(¦3[_晚安_]
157245473,馈赠者的美德,2022-07-24 01:37:05,便宜萝卜便宜罐子协会
159484083,一口吃了十吨狗狗狗,2023-05-20 00:45:36,我只是路过
161194971,账号已注销,2023-06-05 14:16:29,
162884213,乱葬岗966,2022-11-12 23:56:32,来了，走了
164782052,徐小岱,2023-01-10 09:44:24,孩厨/平泽进激推 在寻求同样喜欢师匠的人的路上渐行渐远
167338160,harusaki_596-,2023-02-17 10:09:58,
169395699,愛二咲花_,2025-07-16 19:52:54,(ง ´͈౪`͈)ว
169532146,氵几,2024-04-08 16:42:04,
171669069,回转猫薄荷,2025-02-27 08:51:23,搬点自己喜欢的/打赢复活赛了（大概吧）
171892199,kecham,2024-06-02 03:58:09,两节课的窗户
172587108,Bachman1noff,2022-09-23 17:12:25,
172873386,世趁年,2022-10-15 23:32:09,=-=
173523058,aimaiko,2023-05-27 23:35:19,英特纳雄在哪儿
174813472,猫鼬Mino,2025-05-09 17:26:31,好想去ama的演唱会啊～
176564753,遥远の东方,2025-03-18 00:20:14,
176592697,Finrod_Felagund,2023-06-12 21:23:40,
176975608,频寸,2022-10-23 12:17:55,
178193912,5038f-MW1,2024-02-21 13:22:20,身比碳钢硬 柠檬碎龙
179360130,朝倉みず,2024-03-26 14:19:54,
179849640,二十三号环线,2024-12-07 23:04:30,Thank you  Cheems.
180327873,塔人_,2023-03-23 19:36:33,
181925648,_-s_s-_,2023-01-30 17:33:53,   
182853324,cader2048,2024-06-08 04:55:54,
185407072,hanker_,2024-10-11 17:53:58,绝对不可靠的人，信我你就输了。
185710284,飞舞东方白,2023-03-03 21:58:10,本人已死，有事烧纸
186988910,夜鷹之星-_-,2024-12-15 00:32:50,You will find the way turn hurts to love. 
189574271,Momtel,2025-05-12 21:50:32,淦。
191673026,肖李大法好,2022-08-03 20:11:22,吉
191788359,炎燚酱,2023-11-27 23:58:49,
191870350,咖啡因毒素,2025-07-02 21:06:43,留档用不营业。
196485381,AntiMatteeeer,2022-10-30 10:56:36,ˇ︺ˇ
198253100,我都已经傻了,2025-07-03 22:40:22,
201169385,サカナハ,2024-07-13 00:46:20,
205919268,绚光p_HyAuroras,2025-04-13 10:47:45,独行荆棘之径而蜕变新生。 普通音游人/硬件&音频发烧友/术力口声库爱好者/IC Verifier （有问题请评论区联系我）
206967031,Kanyu_harapeco,2022-08-21 22:46:52,梦想成为e学家meu
207989611,ST花露水战士,2024-04-30 07:06:48,∠( ᐛ 」∠)_
209688041,三浦带鱼,2024-05-03 10:28:48,劳累者
215414763,小土堆没有土,2022-10-02 19:08:49,
217584720,静寂が燃える,2023-12-26 12:52:41,Distracted from distraction by distraction
217751700,Mint-P,2023-12-01 14:22:59,中v&日v调校+填词+文案，摸鱼社长，蒟蒻oier 【溃败从未到来，朝阳即将升起】
219564833,蚯蚓与人,2023-07-24 14:35:58,能做到就好了
226673000,1Dvd,2024-11-27 19:50:18,
228517647,情绪冻结我,2024-04-17 18:22:32,负能量之神，平均一天要叹气693次。
238160292,20个肉块,2023-06-28 21:27:16,
239302691,ffnennn,2023-07-23 18:05:59,我有点喜欢你才找你玩的，你■我干嘛。。。
241374217,草履虫同志,2023-04-10 04:35:34,编辑个性签名
242224028,啊小狗快跑,2023-07-17 13:15:31,
244298637,用微波炉,2022-12-31 09:23:28,awful tea：C
244331763,蛋壳Rankaku,2023-07-03 12:46:35,不用等了
244359182,以实玛利_アナキズム,2023-01-02 13:16:42,兼收并蓄，雅俗共赏。
247004674,F104_,2022-08-13 18:14:20,Marginalized Incarnation
252119112,结末DEMO,2022-09-03 21:18:49,
252329048,ヤマタケ,2023-07-29 15:42:29,虚しい
252409513,呀-年糕一位,2022-10-15 04:02:13,Я Могу
252564162,初山烏,2022-08-20 20:09:40,两个人在用，说话可能割裂，，
252868433,一台羊,2023-01-30 14:05:23,石森章太郎厨
253112924,光觉感,2023-12-03 11:00:45,(´ -｀)
254036929,反转人间,2025-06-28 22:53:42,每个平台都是反转人间
255329272,瓦-瓦,2023-05-13 08:02:35,几乎不用b站
256891412,卡杜拉-卡杜艾,2022-08-07 03:40:42,精品咖啡文化，是文化就得讲究，但讲究不等于矫情
259237321,福山潤の妻,2023-07-01 04:28:18,本来是有想说的话的…但是怕被你看见所以不能说…  这是我的曲子，我不需要你们轻飘飘的喜欢…  u重激推，很讨厌sv，至少也应该尊重我的厌恶吧
259895991,ehhoooa,2023-07-11 18:12:55,
261745488,枫蓝蓝蓝,2022-11-05 12:41:25,你好
262522620,豆沙吧唧,2024-12-17 17:24:40,麻了
262937486,死线延迟,2023-12-11 21:08:08,我是否只是末日的一个版本？
262953038,MarshSSSS,2024-08-24 01:41:57,无授权转载，有条件务必请支持原作者orz，动态刷屏致歉orz。最近在尝试做翻调
263243648,Symmetra-,2023-11-05 22:13:51,今我ら鏡を持て見るごとく、見るところ朧なり。
266178763,尘糜幽香,2024-07-10 15:01:50,
268101336,空気星,2022-11-06 17:19:46,(*´ρ`)
269100522,填補空白,2023-01-01 14:31:29,
269831269,初音的葱伴侣,2024-01-13 01:40:34,坏的思想就像病毒一样，传播迅速难以根治
270429052,云路秋韵,2024-03-07 10:46:31,
271202623,Gryui_pink,2024-12-16 21:09:00,解压
272059533,棠極訶徳,2022-08-02 22:49:01,KILL THE PAST
272771045,無語世傑,2022-08-24 13:20:13,
272788040,某種聲音的描述,2022-09-23 13:01:00,=kikaikioku / 樹海キナオシα    「円号100モノ形」系列工事中 存档用  不常发东西  不常看消息  平时在空间
272865385,橘子汽水瓶女孩,2022-07-15 13:54:41,想一瞬间变成天上半明半暗的云
275190567,aimimama80,2023-07-18 13:12:31,
276178146,CCigpfilqamcdr,2022-08-23 23:02:39,
280056178,囊天喵,2024-06-04 22:24:42,“今日若我冷眼旁观，他日祸临己身，则无人为我摇旗呐喊。”
280422343,Kazuho3773,2023-02-26 09:17:02,时间走到预言预见遇见你的那刻
280742599,xxxxzzmwwq4,2022-12-18 20:06:47,
283182228,radical-rat,2024-06-05 17:06:37,so much for this
283368361,停車費用-,2023-04-29 21:15:33,很懒 不会做视频..
283413326,星隼_,2023-01-28 09:52:34,我晓得人间悲喜并不相通，但我仍想此刻与你共享心跳
284247815,蜉蝣北归,2023-10-12 02:22:10,平泽进/P-MODEL相关专栏连载中，偶尔发视频
284521260,帕拉塞尔苏丝,2022-06-09 15:57:03,
285871995,LilSleepyCaptain,2023-07-18 00:09:46,音楽転載垢 フリッパーズギターが一番好き
287089550,Melophobic,2023-07-27 23:36:55,The problem is free love and free hugs.
287341392,一寸sama,2022-11-12 14:45:28,哈哈哈哈嗝～～～
287502636,Corvus嗯嗯,2024-03-26 01:17:51,船在海上  马在山中
287871432,志摩志摩志摩RIN,2024-10-03 00:58:12,ALL IT COSTS IS YOUR LOVE！
290923002,暮夕staff,2022-06-08 10:06:31,
291324007,文明外星人安格,2025-06-07 01:07:04,你好我是非常文明魔法少女安格。 非 常 厉 害 外 星 人 时不时更新游戏实况。哔哔。 萨卡班甲鱼～❤️萨卡班甲鱼～❤️
292281059,inefficiepovert,2023-03-15 22:13:45,
293194747,Mr-Lighter,2024-08-21 18:16:40,
294528722,Xiuji114514,2025-04-23 15:34:34,啥b
295514534,遙枝harue,2023-10-14 00:34:03,
296043686,一罐Jam,2023-03-01 21:37:34,FS
296100753,タコ焼き__,2022-08-22 03:32:12,
296124625,炭酸盖率,2023-07-21 21:54:56,
296603750,喜闻乐见の阿温,2023-06-15 18:37:10,在没有爱的世界里，会开出什么颜色的花朵呢
297187858,狂人日记女王,2024-06-14 23:58:19,
298280058,oo_oo6,2025-06-22 00:35:47,相思了
298517882,雲霙,2023-07-25 11:19:42,
299125566,柠檬先生Le,2023-07-09 23:57:28,
299534144,空杯盖,2025-03-07 10:32:15,
301946284,人J人,2023-07-28 12:26:20,
302202527,狂暴电话鳄,2024-01-13 11:33:25,
304656190,奥尔加__伊兹卡,2025-03-20 00:03:01,
305226741,白行简子,2023-05-31 06:35:25,=￣ω￣=壮哉我二次圈
305245250,超级月eeeeeeeeeee,2022-09-11 00:40:02,无语住了
305792244,-Graffias-,2023-08-31 10:19:29,
307018863,线甸,2023-12-12 20:01:33,先空一下，以后填
309928536,咣啷的一下倒地不起_,2023-07-18 21:32:35,我会一直躺着…直到被骂
310296333,死定さん,2023-03-10 23:52:52,泥豪(∠・ω< )
312253747,秦先桑,2024-07-21 17:34:01,唯一指定邮箱3170438945@qq.com
313287854,厄谔厄谔,2023-01-01 18:08:20,
313926032,HX_HaiXing,2024-03-16 18:16:53,拜拜 我在你告诉我的道路上
314115640,-ユウヤケ,2024-12-05 10:33:51,没有个性……    签名  
314147848,超邪恶人类,2022-09-17 14:05:55,视频均为帮朋友（椰獭）代发
315661753,水果糖b,2024-04-20 21:20:00,
320587218,你正好在那个地方,2024-02-06 20:24:11,
325529082,深层酥麻,2023-03-18 20:48:09,一个不会做视频屑 一般咱喜欢的作品都会有咱 目前还在油管发视频辣 
327352875,海女美术大学毕业生,2023-06-08 00:18:15,噗嗤
328560144,som-,2024-12-14 19:24:40,
332970119,__0000_,2022-08-24 23:49:32,.
333416036,Dollver,2024-04-30 04:05:56,not funny didn't laugh
334000606,安柯qwq,2024-10-18 11:56:59,这是一个简介
334374645,下水道流浪指南,2023-05-28 13:27:24,
334515215,自在的野人,2023-06-11 23:22:01,而我感觉，我要喝点儿水
336681006,sym87sym,2024-03-30 07:54:46,
338818410,阿姨洗阿姨,2023-01-10 16:55:28,往者不可谏 来者犹可追
339205954,马德龙汉堡,2023-05-11 09:49:55,一般通过
340500314,uniii早川咕咕,2022-11-10 19:51:53,现实逃避
340789729,明日香是五星好市民,2025-03-16 00:11:54,??
343695108,Hugh0101,2022-05-24 09:07:57,
346218589,Yyrylir37,2024-08-21 11:54:58,。
346680917,kt5719n,2023-05-07 10:06:04,
348874668,Caroline_3u04,2023-05-11 15:43:25,你很会说漂亮话嘛
349426195,千子千子千,2024-10-27 01:14:44,orzzz
349663402,十里八荒疯狂喜羊羊,2024-09-26 19:16:04,？
349719392,天择福泽-佑叶,2022-11-20 21:10:17,真的什么都没有写
349866193,抹布-_-_-_-,2022-12-17 19:39:04,?
350165741,韩一贤之灵,2022-12-28 22:02:25,韩一贤の亡灵
350697339,鲨鱼女孩higgs,2023-03-31 18:34:10,妈妈啊啊啊啊啊啊啊
351486960,彩虹酥脆,2024-03-25 12:55:19,我的主页还没有什么内容，但是你可以看我投币的视频～
351887347,ShioriKobayashi,2023-01-04 15:43:27,總在忍著痛說笑 心在絞痛卻表現得若無其事
351923556,小熊Rinka,2025-07-19 06:28:48,今天早睡了吗
352408803,气孝女,2024-05-08 07:47:38,我叫西池，别骂我我只是个普通仁，有观点冲突理性讨论
352660157,Kuta_Sakizakura,2023-01-03 00:47:54,
353590171,放下吧sato,2024-04-16 07:46:17,
355138509,无穷小亮的整活儿日常,2022-11-08 13:08:05,
355143823,狂気のmad-scholar,2025-06-22 12:25:57,Amor fati  uc养病中  静止系/音乐演奏/gal/东方
355819975,Slte-Sakura,2025-03-25 10:02:03,
356147486,在太虚中寻找奇点,2022-09-22 11:43:25,没什么想说的
356499030,楚木乐,2023-10-15 16:42:10,我先溜
356644223,アルチメデス阿基米德,2023-09-13 20:52:54,兄弟，别查我成分
356862478,SiegfriedWotan,2023-12-16 17:25:20,Sweet queen  take my crown. To deck thy golden hair: my hand is holy.
357147226,-变弦自在-,2023-02-17 23:28:55,真实性值得怀疑的故事
360424807,Carosy一玫,2024-02-24 15:20:09,头像即本人我是一朵铃兰  YouTube：@Carol_the_Rose 网易云：Carosy一玫
360680163,amaterasi,2023-02-03 15:23:55,
360845024,timetravel-02,2023-02-05 02:39:04,精神矍铄
360960076,120KGKG,2024-10-12 01:23:20,
362140754,淋予_,2025-05-15 18:36:09,低质内容量产机
362770639,阿哞37,2023-08-25 06:48:43,
362925332,三只猫糯米芝士,2025-06-08 23:30:28,干活好累
363099106,章鱼草莓小丸子,2025-03-17 07:37:27,（啃手手）
364185041,-噜噜啦噜-,2023-05-20 12:46:14,呀吼！！
364684890,メリーネコ,2022-12-09 01:19:33,Les Soirs illuminés par l'ardeur du charbon
364706511,御坂jo太郎,2024-04-15 09:24:28,啊嘞
364777995,秋叶飘扬QYPY,2024-07-05 05:28:39,诶嘿~
366472987,账号已注销,2024-08-25 12:31:49,
368827067,Kuwuii,2023-06-19 19:49:51,STAND ALONE COMPLEX.
369600737,账号已注销,2022-06-24 19:02:56,
371660793,sxcfhjkki,2023-06-30 08:12:15,。
372135681,may_A_ren,2024-07-17 14:55:39,
372255659,账号已注销,2023-10-23 23:19:39,
372347107,心碎大土豆,2022-12-04 19:54:59,終着駅で見つけたモノは、 雪煙と幽寂。
373022952,琦aQi_1218,2023-04-21 21:15:07,你好我是阿琦/DDT
374699023,古玛_GuMa,2025-02-21 20:21:50,原子星人 喜欢可爱脑子正常的人类
375548183,大熊和奏的狗,2022-12-10 18:01:04,举起手来做梦吧！
375794180,RobyRose玄野,2022-11-09 21:44:49,祝愿大家好好吃饭，好好休息，好好生活，生活美满         日常线下忙，喜爱喝咖啡
378988657,skibsyn,2023-02-19 13:21:59,.
379400123,昏衡影,2023-01-20 09:07:46,懒得写 个鬼
381274585,老爺爺無藥可救,2023-03-26 17:33:47,的確沁園春欠缺，老爺爺無藥可救。
381637224,惠飞须沢胡銚,2024-07-20 00:47:09,画家不识渔家苦，好作寒江钓雪图​
381643086,就是说是小星星,2024-12-03 02:59:21,
381829756,西向标458454,2025-01-28 18:51:24,牙疼
382056230,10thpressure,2024-12-14 19:41:19,对对对就喜欢光速切割
382269181,白毛貓貓頭,2023-05-25 17:21:54,bruh
382920187,壮美的圣告大天使,2024-03-29 10:05:51,如斯 汝獨攬世界榮光 一切黑暗遠離汝身 Sic habebis Gloriam totius mundi
383314550,SYFX-YuuKa,2022-08-28 14:24:16,在那无光之时，我在看着你；在那无火之时，我在等着你；在那无盐之时，我在想着你； 在那反转之日，我会取代你；在那交替之时，你会成为我。    
384522807,正反犬,2024-09-10 23:30:59,
384617118,蓝歌鸲-HouRai,2022-11-08 07:38:27,「将如同铅一般混浊的人类灵魂，升华成如黄金般的天使灵魂」
384632197,泽进天,2023-03-18 08:20:52,二维动画在读，不定期更新
384872604,嗷狐狸嗷,2022-11-25 21:40:34,
385463984,givemeyamato,2023-07-25 19:05:35,这个人懒得一批，而且还写了签名！
385652115,火碱居士,2023-08-06 10:04:17,
386737655,買い_30,2022-08-21 01:59:50,发点自己想看的！！  双排搞oc单机搞utau中……  mhs/全平台：@買い_30 真的真的很社恐很孤僻的一个人（？）请见谅……（鞠躬）
387695952,杨加--,2024-08-01 22:00:00,他人即地狱，但我最大的地狱是没有安身之处
387923091,别拦着巧虎,2024-03-08 21:01:22,
388231734,想不到新昵称了234,2024-05-05 16:19:58,
388282329,逐琉地,2024-11-12 00:04:39,所有流弹都追不上我。
388304666,Reni_1-27,2022-05-29 23:04:07,安安静静关注连宝曲子的小号w
388705353,zyuque,2023-01-29 18:13:03,喝茶的艺术
388835384,changkaishek1927,2024-06-30 21:14:29,-200
388931670,尘埃与决心-_-,2023-04-17 21:27:03,咩啊
389277120,帝国鱼丸,2022-09-20 03:45:02,
389726773,葛杰霸,2022-06-07 06:19:14,编辑个性签名
391236703,寡就寡吧,2025-06-30 12:53:45,你是谁？请支持毒砂
392067674,性感防空洞,2022-08-20 21:41:06,
392078111,biscuit9726,2024-02-02 18:15:44,
392575678,梓川柠檬子,2023-01-14 22:29:16,救济の猫猫
393196772,_伞san__,2025-04-20 13:06:36,不用礼貌回关
393585320,弗洛wryyyyyy,2024-12-01 18:02:14,我是平泽进的狗
395224959,dpdr4,2023-10-03 22:51:32,はなまる
395678247,FN-PT,2023-03-25 19:27:21,是快乐的人类哦
396600944,Congee酒糖,2024-09-26 19:18:41,对是这么回事
396956559,柏夜窗_,2023-05-21 01:49:40,永远的英雄
396959211,饭纲山之龙,2023-07-28 08:22:21,我只知道我一无所知。
397157678,特昂郁赫安夫斯基,2023-04-10 23:20:07,
397416417,落城羽泽,2025-03-18 20:20:46,他遇到城的失落，她见证羽的微泽。
397573468,値無休,2025-05-22 20:54:52,无人在意的一隅
397579438,CrnaMsh,2023-01-17 19:09:37,音mad不掺点冰我干嘛不去听纯音？​ 
397608951,99set,2022-08-27 20:04:09,明日会有明日之风吹拂 —icon by UTU— 认出请远离这个号什么也不会发除了发疯
398093275,天川サイダー,2025-06-22 21:15:47,看到一半爸爸突然病倒了妈妈跑过来把手机扔鱼缸里告诉我你没有看视频的才能我崩溃的跑下楼边哭边喊我讨厌你们的温柔
398587695,一般路过吃刀人,2024-12-18 13:12:57,
399871120,重音teto_転載bot,2023-05-12 17:21:58,無断転載申し訳ございません，テトが好きな一般人です，よろしくお願いします。群1001359477
399921718,神崎广会爱上Techno吗,2022-08-28 09:45:19,重度兽耳控，电子音乐杂食者和折衷派，在学习电子音乐制作。
400076265,dkdnsq,2024-03-09 15:37:16,
400085181,耶耶激励,2022-07-24 15:57:26,网易云音乐、酷狗音乐、QQ音乐、酷狗音乐概念版、D、K同名
400782931,执作织,2023-09-24 00:55:53,zzz
401907042,84591696779_bili,2022-06-29 08:37:20,
402197804,LLS木吉desu,2023-08-30 07:15:10,亚文化圈崩塌！天灾！天灾！
402533851,303nmeh505,2023-07-03 03:53:25,
402876547,0なし0,2025-06-26 18:41:32,什么都想做(┯_┯)，但是什么都做废的努力的废材_(:D)∠)_
403340673,峦鸫,2022-09-09 22:40:48,今日もいい天気～
403827602,阿酋小灯塔,2022-11-04 12:04:23,
404407079,橘子汁不是芒果汁,2023-11-04 14:17:30,Skmt
405000843,劇毒海鮮,2023-02-02 00:11:33,窩是小鬼自存小殺殺看著玩的別噴窩。 喜歡古早湖筆男。 歡迎找窩擴列……
405742861,CR蜡笔,2024-12-25 00:58:53,。
408396318,流溢宿瘤,2024-03-04 20:29:26,
410264156,蒸汽波子汽水,2022-11-22 12:16:40,Hello World
410667573,tang_02,2023-11-03 13:09:04,接PV委托，更新随缘。
410772687,度日如年_p,2025-06-22 01:00:27,天长地⑨⑨⑨
412660748,着蓑,2025-01-15 16:57:58,q:2779473990，欢迎唠嗑 （动态一般用于记录挖坟进度，漏发多发很常见，动态轰炸致歉… 
412821302,もう読死んnew,2023-04-17 13:12:02,品德很烂  谨慎关注
415180938,Anemone_Koishi,2023-12-07 21:07:30,跨过高山，越过平原
423762182,最后一块华容道,2025-07-08 11:10:57,不要见怪，不要见外。
423824592,觅途,2025-02-02 15:09:41,
424597291,多-萝-西,2022-05-21 08:09:10,没什么好看的
425140152,duang了duang脑袋,2024-06-05 15:13:05,%$#*@～*&$*%$#@*
425602789,miriin,2023-04-27 14:51:03,清廉之雨
427118892,账号已注销,2023-02-12 23:10:46,
429654991,pH-氧化品,2025-05-08 01:18:50,
429810552,ame飴与雨,2022-11-22 01:01:20,来点低级趣味
429949254,TH_yu,2022-10-14 12:54:51,画一些可爱大便
430209761,河边的巽子,2023-04-02 23:43:39,
431067636,安祈_yunaki,2024-01-23 21:13:32,这有什么好写的，唔，好吧。这个人，什么都没有
433176098,InkNight_DedNET,2023-04-22 00:48:41,www.dednet.co '/.DedNET'/.NETWORK
433183681,Wiffey_,2023-04-05 19:42:40,
433673545,polergeistisme,2023-06-21 22:21:27,
434010962,-無鏵-,2025-04-14 14:06:36,天の川は星々の葬列.
434593334,景明不精明,2022-08-06 15:23:32,无聊
434771631,くりせりん,2022-08-10 05:54:04,純粹的反駁是拋棄他， 反駁仍然是認可。
435198405,好名予人夺,2025-02-10 12:32:29,您好肯德基宅急送到了放门口了用餐过程中有事请打天国投诉热线
435540198,非攻_Minakami,2023-06-30 20:48:36,越是藏匿就越是明晰地自我我的变革之中
436683462,Nyx夜空,2023-03-20 13:10:38,让我们从结局开始
436699531,柊由,2023-03-29 22:11:45,…
436979931,Ciel0130,2023-03-07 22:37:43,
438222070,雪空138号,2022-05-29 09:47:44,
438640294,MCGGBread,2022-07-22 19:34:36,改名换姓.png
441080535,账号已注销,2023-09-29 16:32:06,
441955582,重复-分娩,2022-08-26 12:47:26,一鼎铁锅扣住了夜空
442382203,menuio,2024-02-17 15:25:05,
442591670,newkigh,2023-03-07 13:44:27,奇怪音乐创造家
443927312,稻叶浩志TAK,2025-04-11 21:44:42,游：三国杀移动版，第五人格，超自然行动组，王者荣耀，无畏契约，三角洲行动 推：amazarashi，Bz，Mr.children
444309737,请您安静,2023-01-24 01:46:05,
446982969,夢廻繁華,2024-05-31 00:12:46,
448533249,zoeLyn,2024-04-27 12:26:21,我是琳retard
448772038,大爱小鸟游茉莉,2024-09-30 18:00:36,
449088483,账号已注销,2022-08-01 21:39:13,
450054568,夏亚你算计我_JPG,2022-09-11 10:57:37,RUA!
450678028,ギターヒーロ,2022-10-14 21:10:04,古明地猫猫
450955793,Texas__德克萨斯,2024-07-23 23:30:41,百合骑士术术人兼刀客塔爱马士音游人灰鸦指挥官崩坏舰长开拓者红烧天堂超绝剧情党，不沾tx，不入饭圈，不看vtb
451382032,三明奈奈卡,2024-02-24 19:21:08,彼此观众
452568675,账号已注销,2024-02-21 02:47:57,
453865766,炭酸無し,2022-08-24 11:51:48,成分复杂的一般人
454465481,稚拙的胚芽与剑鞘,2022-08-09 13:06:49,生命是一位天使，它将空白的你送来，死亡也是一位天使，它将空白的你接回，两位天使附赠予你的时间，便是构成了你，而这一切仅独属于你和它们的意义。
455093207,账号已注销,2023-01-23 11:35:25,
471354221,虹鲨放线,2022-10-18 17:52:42,Spore:Galactic Adventures
473110210,账号已注销,2023-05-13 14:27:10,
473628304,林淋霖霖淋林麟,2023-01-21 18:38:04,B站你的16：9封面限制，把多少视频的好封面都毁了
474557730,一般路过死尸人,2023-04-22 18:20:31,摆烂
474586863,アザラシ_Official,2023-01-02 19:06:06,千山鸟飞绝，万径人踪灭。
476318157,如何得知悲剧之后,2022-08-24 18:04:00,乱凪砂单推，凪嬷，日凪纯凪茨凪零凪都吃的究极嬷嬷 搞9崩es，9小春雀儿单推，崩主推刃副推日月星，刃嬷景刃恒刃 画加:鸡块ing
476779334,sqzhay,2024-01-25 17:49:24,有事还望在动态说一声再发私信
476893573,bili_82331065249,2023-05-10 02:13:18,
476909243,TECHNODELIC,2023-07-21 11:01:05,GO TO THE NEXT FUTURE
478207469,春天的羽毛w,2025-01-18 17:28:42,daybreak frontline
478526689,白长直の鸢一折纸,2024-12-11 09:39:03,那是葬着我青春的衣冠冢，里面埋着我上高中时穿的校服
481367328,生命意义在于不断打工,2022-12-24 00:33:57,你好
482382823,翔太akio,2022-10-30 08:37:16,icon by 翔太
482410458,硼后才是碳,2023-03-09 23:11:46,唯有缘，遥不可及。
482832008,シラトリ,2024-07-15 21:04:06,世界中みんな面倒だ！
483798988,SL2T,2025-04-25 10:30:02,
484335109,CookieO2,2023-05-10 21:19:44,你在偷看我对吧。
485272402,bili_88512411544,2025-07-04 14:50:18,
486012792,水熊虫的恐慌,2023-04-30 16:57:15,祝您度过快乐的人生
487490786,看到我喊我去画稿16,2025-04-28 11:52:05,你说的都对
487711730,扎西里叶,2025-01-15 14:45:03,Es lebe das Dritte Reich!
487834694,战场上的平原,2023-03-12 10:37:38,生涯满腹
488383779,A01ki,2022-11-19 03:08:21,
488412632,Izumea,2023-09-12 14:20:04,致如此不知廉耻却还活着的你们
489546137,kuroro444,2025-06-11 05:01:17,
489785282,开司魔芋狗,2023-04-13 22:22:49,我想咬死你
490591867,_Akemihomura_,2024-01-23 20:35:31,你好，嗯
491298669,账号已注销,2025-03-20 00:45:14,
495161092,Athanasiakiffen,2023-03-14 23:00:00,^ω^
495961384,我是名字字字,2025-06-07 22:26:01,再见
498317973,Levofloxa星,2024-09-16 20:28:41,这个人很神秘，把这段文字又写了一遍
499268117,sXKYYYY,2024-04-06 02:42:07,为什么一个两个三个四个y都被人占了...
499601066,_seki2,2023-03-04 14:39:27,
500379492,-迦陵频伽-,2023-02-14 09:04:38,Et itur ad astra...
500651356,君はきれいだ,2024-10-23 18:24:59,
500917846,SHIBASHIO,2023-02-15 20:06:27,
502423831,困左水猫左,2023-02-03 11:59:14,
503056950,土土秃噜,2024-04-11 18:20:28,                                                                      
503096202,bili_4649酩,2023-05-27 03:21:08,NO TURNS 不擅长说话但是想和大家多交流 联系方式在置顶动态
503288115,个t,2025-03-20 22:12:00,
504847345,Enriquepucci,2024-04-05 02:00:03,
506885519,21pilots_Creeper,2023-02-01 21:21:24,Running Up That Hill Drop Into The Abyss.     The Answer is Blowing In
507734419,反复无常卢克,2024-12-05 01:05:31,“没出息也要唱，不过是唱歌而已”
507747396,上学好似拼好觉,2024-05-28 23:58:12,宇宙の彼方へ消えて行く
507769217,边城麦穗香,2024-09-27 19:27:28,ⓘ该用户封禁中
508308662,硬い匙,2025-06-22 21:17:37,
509010685,红日__已完成,2023-04-26 00:09:52,这里没什么好看的，还不如直接和我对线（笑
509451980,全能且魔王,2023-07-21 21:24:11,请问有内脏吗
509511138,ノイズの彩,2024-04-16 18:00:44,
510152924,武藤回安,2024-12-07 21:09:03,
511204103,bili_97220330006,2023-10-20 16:25:52,
511638883,桉绯祂洺-瞳,2022-06-04 18:53:30,我不是桉绯祂瞳
512901422,白茶加绿叶,2024-04-19 22:39:29,正在摆烂的UP主
513012410,全自动安东尤丁采夫,2022-11-16 01:26:28,
515193420,F6A645,2023-04-06 22:22:09,8.21
515889370,tyrannosaur-rex,2025-04-12 22:43:32,
515981545,蒂墨墨,2024-09-12 11:17:25,
516609064,Teffithe,2024-01-26 23:31:10,
517851715,马奇奇与键山创,2022-08-02 15:29:46,QQ：2173269651
518791135,幸运星bot,2025-07-18 10:06:44,
519510389,悲伤在逃走,2024-03-10 23:29:34,就算黑夜降下来
520553925,飞鸟_asukaaaaaaaa,2024-02-22 03:18:10,飞鸟桑。（点头
520594174,谔谔与鄂鄂,2024-03-08 05:23:41,我是晞猪猪
520882783,kikuuiki_,2025-02-27 13:04:43,
521390819,不可回收人类,2023-03-17 22:29:42,请问
522186290,独游鲸,2022-11-08 15:02:13,[故事]的旁观者是你们也是我，而我则记录[故事]
522276481,星月映晖,2025-04-21 14:51:08,
522292865,Nighthawak,2023-05-03 09:13:34,
522597030,リムルとてま可愛い,2025-04-28 20:09:33,我爱利姆鲁 爱盗墓笔记 爱骨王 爱谭雅…… ｡:.ﾟヽ(*´∀`)ﾉﾟ.:｡都是我的（bushi） (˘̩̩̩ε˘̩ƪ)
522691206,历史溯源,2022-05-24 14:48:30,故事编纂人以及历史 
523120435,被瓶颈期扇死の曲奇,2022-10-15 17:10:02,闹剧也许永远不会结束 因为■■一直存在。 矛盾的根源是否是无法互相理解 我不到啊。
523671037,皇后酒馆典当首都乌云,2024-10-05 19:22:54,
523695133,僵除默认,2023-07-21 15:28:27,并不怎么发
524320116,飞机侠_,2024-05-16 23:49:38,~~~
524717180,-笑而不语,2024-09-30 18:35:33,
525066884,Xity_142857,2022-12-10 15:19:23,永遠になりたいなー  クッキー｜界隈｜日中翻訳
525927952,名前欠乏,2024-04-25 00:27:30,
526828217,Kinmokgi,2023-02-25 09:17:21,名字读音为/hɪɴ'mɔkɯki/，模仿者。界隈听众。目前只做字幕以及搬运翻译。
529044674,Eda喵,2022-05-19 13:40:53,。
535138397,周星和,2023-03-18 21:16:01,
543211246,GOOGLE_ad,2024-06-10 14:54:37,
543854973,believer-云雀,2024-04-18 00:13:47, 有的人活着，ta已经死了
547358981,荧鱼,2024-07-04 18:30:15,好烦躁
549139478,晴天罐头,2023-02-28 03:52:23,曖昧的明日來臨了 不建議關注
551936528,エントロピー233,2022-06-28 09:02:18,迷航
562789071,账号已注销,2022-11-06 16:28:55,
564705237,Lineplay_,2023-04-30 21:04:43,我会永远想念你
570034847,nanakorodesu,2024-12-20 02:46:34,ⓘ该账号封禁中  （骗你的）
570060812,夏大帅在增肌,2024-06-08 23:49:41,这是条懒狗 什么都没写 
574313394,Rexubans,2025-06-08 20:09:09,“对，先生，是钓鱼者的故事，他挖到极好的蚯蚓，就自己吃了，没有给鱼钩上饵，当然……他一条鱼也钓不上来。我觉得这故事非常逗！”
582248355,落寞星辰斜雨竹林,2024-08-26 16:15:32,賽博拾荒浪人
584972018,根号6084的绝对值,2024-04-11 12:50:44,三十五秒后宣告胜利吧
588567531,网友友顺希,2022-09-17 01:50:30,理性的悲观主义，意志的乐观主义
591245409,QQ李二牛,2024-01-10 21:09:12,
595810498,夏志溪桥,2023-02-24 10:53:27,˃ʍ˂
595946057,Rena5cence_,2024-12-07 08:29:01,
596208274,砂之颜,2023-03-27 01:32:39,
598731952,寒品優,2025-05-12 22:28:41,
599128691,鲜香地瓜叶,2023-11-14 02:24:29,直播录像：https://space.bilibili.com/15526861
601633670,劳勒了,2023-06-27 20:28:56,容易被吓死，又菜又爱玩
602930374,fokkji,2025-03-02 15:39:59,
606577111,见习摆烂人,2023-10-25 19:23:17,
607655197,回转咸鱼,2025-02-02 21:30:04,不懂音乐/不弹贝斯/不会画画/逆天じん批
609779560,酒期ansake,2025-04-11 21:21:22,赖床协会主席。不是vup，那只又绿又色的兔子是自设酱
616856001,gugkkm,2022-08-27 21:37:41,
619937339,魚類による考古学,2023-04-25 19:22:06,
621043413,风蝶一款仙女入凡尘,2022-10-09 00:13:05,切PL录屏暂停更在补光（小号切光）催更可是不行的 
624140061,bili_73922696768,2022-09-29 19:27:02,
624510674,bili_77075594977,2024-11-10 12:33:42,
626172277,8ainy,2023-07-13 15:15:02,等死
626536492,7wcy,2024-07-26 11:21:17,
628734760,森律猫栗子,2022-09-18 11:37:15,I don't give a fuck
641743401,账号已注销,2023-10-23 17:07:42,
644854661,gront-u,2023-11-03 21:12:56,喜欢泛vro，半退坑银饼大鬼，已退坑台风迷，关注会回关（麦片的除外；没回关多半是没上线；如果需要不回关的话，请用私信、评论等方式告诉我）
647532727,大棉袄小恐龙,2024-09-14 16:36:27,
649247396,玛格丽特的小小饼干,2022-12-01 01:01:29,
649842051,轻触命名,2024-08-27 00:27:01,好像又忘了什么 
650889803,三木目夕,2023-03-19 02:22:02,一盒曲奇只有五块
651486442,冀东北山路行,2025-05-05 13:36:31,家妻小栗帽 坚决抵制米哈游
652375257,此用户呢称不存在,2025-01-16 17:07:15,个性签名就是没有个性签名
652637800,宇沢星宿,2022-08-21 20:14:09,
667689917,一个法兰西公社-offcial,2024-07-09 21:45:48,
668470174,起名废柴-,2025-06-08 20:30:54,成分复杂，小鬼退散 会在主页放暴论来恶心查我成分的人，至于是不是真的观点和该暴论一样请慎重考虑
672919562,Ormya織靄,2024-04-06 19:53:55,
687922678,ErLeStTsElRe,2023-04-08 20:16:44,网易云：亞热科
688481025,我就是私人,2025-03-10 16:45:19,好名字
688848489,阿阿阿阿阿阿咭,2023-08-14 15:30:57,赛博单口相声爱好者和一般路过普通马骨
690954933,cloomm,2022-11-01 02:24:47,
691919363,DKZ7,2022-07-30 12:42:51,这个人很神秘，但还是写了点东西
696558713,信息生命体,2022-08-06 23:14:29,
697924299,西瓜条条条,2023-07-18 21:26:58,作业好多
699458503,越獄禁止,2023-07-31 11:49:08,請把我的屍體堆在高處
700053172,yみそ,2024-12-05 17:52:45,アメノス
700138033,Cecil_Zelvia,2023-06-13 23:55:24,马的骨
701681277,天荞雲,2022-11-06 21:37:14,感谢你的喜欢。
701898051,怪诞珍珠人,2023-08-14 01:32:33,ⓘ该帐号封禁中
1000925404,BILA001,2022-07-04 02:44:36,
1007551228,不是好狗并一些肝疼,2023-03-24 21:33:16,菜菜的同人女一枚⁄(⁄⁄•⁄ω⁄•⁄⁄)⁄
1010889371,范葂萸芋,2024-07-08 08:37:45,我是?晰，是蒬珈蒶。
1017352717,SED镇静剂工业,2024-12-18 14:16:52,欢迎光临镇静剂工业！喜欢您来！
1026295523,上琴万年,2024-11-05 19:08:17,
1051792808,bili_19031659385,2022-07-12 19:57:17,看头
1068458531,WWWW_HLDW,2025-01-07 12:38:28,什么，在想我的事？
1076811685,9型号甜菊糖苷,2023-10-03 22:48:07,谨慎关注 成年了一定换个好的声学设备。
1080553132,还是暖气舒服,2024-02-24 20:59:22,你一定在视奸我对不对。
1095513556,楼主木琴,2023-12-13 22:25:20,哈~里路大͙！旋͙！风͙！
1095892519,犬食熊野,2024-02-16 23:04:16,乐比他咪
1110681093,茶语生,2022-07-11 00:25:34,
1115698331,lala2433,2024-02-03 02:19:11,
1128515654,拟胃,2023-04-15 20:34:05,
1136328246,七十九桥姬,2025-05-18 17:32:43,ki ki kai kai？
1149245321,AnnalisaRadio,2024-07-21 12:05:27,脑子不完全不好使
1150660302,游目浮生,2023-04-28 17:31:45,
1158865724,c_Rfo59,2023-12-03 19:40:46,屋塔无没能搞懂
1166050668,廁所裡的花子,2024-01-23 12:29:58,
1171291538,Ameko809,2023-01-20 10:14:40,ZZFLS 27 ChOer
1174397726,明教明尊,2024-01-19 17:18:57,你好
1184908138,bili_65278109629,2022-07-10 23:43:17,
1188940843,zombie-僵,2023-08-16 21:29:27,这只僵很神秘，什么都写了
1190305684,ThreeLinesOuo,2023-02-15 20:56:19,Realistically  it's hard to dig it all too happily.
1190518826,我的鱿鱼与鲸,2023-06-09 13:01:54,是那种会先去翻书的结尾的人 什 么 都 发
1194174719,栗鱼死翘翘了,2022-12-27 15:02:07,不知道发生了什么，但是我被抛弃了。
1196407952,钻石是一个骗局,2025-07-19 00:43:56,
1198075083,海昏楽园,2023-07-18 23:02:52,
1202208301,雨岛电台,2022-11-02 21:22:10,你与我隔窗相望，这里便是世界之窗
1219626932,铅本,2025-07-18 17:25:39,亿个人
1220919535,ピyD,2023-04-08 20:51:14,人生有梦各自精彩
1232197339,续写俗人,2023-07-02 17:10:21,你好
1232529777,路人钉子,2025-01-27 14:37:41,一个杂食路人，谢谢。     ……       永生？只要你想……
1232782194,uiuopsd,2022-06-29 18:25:01,
1247946661,原子幽靈,2022-12-23 19:08:23,这个号用来对着hrsw发电 （搬运是为了方便自己吸进，全部无授权如有侵权请私信我删除）
1251021069,楚地倦鸟,2023-11-04 15:40:40, 
1253753024,hjklioiu,2024-03-09 07:37:18,
1256790298,吾心如破镜,2022-11-26 18:07:23,
1267407281,燃燃么阑0文,2022-11-13 08:15:06,
1269740534,进击的贝,2025-06-08 18:51:51,我会不断前进，以布尔什维克之名。
1272702095,神崎伊织的苦茶套头上,2025-04-11 12:38:56,神崎伊织！男人中的男人！p主中的p主！会写歌，写小说，唱歌牛逼，就是我男神，神崎伊织！！！
1281454114,账号已注销,2023-02-27 16:24:23,
1290802251,bili_94839579278,2023-02-23 13:57:25,
1295153325,bili_56690116595,2024-12-14 19:55:47,
1305023994,0010exe,2023-10-10 17:08:55,活着就是为了吃三文鱼
1305933520,yoyo-优某人,2023-02-24 22:45:07,搞定这次中考一定回来！
1308773748,ききカレー,2024-12-05 08:05:45,谢谢你来看我呀 ご訪問をいただき、ありがとうございます
1332772028,JuliusMatteo,2023-03-19 10:29:47,
1343359368,アゼaze,2022-11-21 22:32:07,
1359580594,乌沙里亚意识形,2022-10-16 19:29:11,无主题搬运账号/已停止非搬运内容更新
1377469916,必伤技,2024-01-12 21:48:59,首先我是白河豚
1387442217,DdddoogggG,2023-07-05 10:52:26,再见未来，我已经玩完。
1390363545,苔方,2023-05-20 15:00:13,
1397971580,塔U宣传小队长,2023-07-03 16:22:56,塔代班别急
1401965129,账号已注销,2022-09-18 23:13:53,
1405967746,豫南冀北,2024-07-01 20:01:20,″露从今夜白，月是故乡明 
1407386890,千春ちはる,2022-09-16 19:25:37,Mysta，Yugo激推
1425265250,Yutr1,2024-04-24 23:01:33,樂子
1427500077,Phenakite,2024-06-23 22:32:20, :-P 
1429075180,宽带474,2022-07-22 12:57:16,
1429988019,汤圆NO93,2024-12-05 22:28:16,我的天呐 
1434964435,一限目サボってきたよ,2023-04-08 13:42:43,鸟
1447548446,uni_洛洛,2023-02-22 23:20:02,蝻的滚 我是洛洛/ろろ 多坑 新人唱见です 高p 术力口｜Miku激推｜唱见厨｜mafu厨｜祭司激推｜音游｜乙游all推 女孩子欢迎扩列＞＜
1452575671,水无月紫苑offcial,2025-01-23 00:23:04,什么都会但什么都不精的屑。
1457581598,蓝蓑笠群外,2022-10-27 07:01:46,这是我反思、学习与搁置的人生阶段。 头像画师@查无此人404notfound_  神秘号码：377205925
1460637163,SPANISHCIIVILWAR,2022-06-16 06:33:20,不知道该写些什么
1470255003,鼠毛1,2024-12-15 18:52:23,尸体
1488146955,蓝色螺旋与计数器,2024-09-30 18:21:06,阵痛之后是
1494884616,三冬過隙春草還生,2025-07-17 22:41:04,oc人  全平台同名 可以去微博抓我
1497462713,畎田,2022-09-13 13:01:22,私用号，不发布投稿。
1507796450,马骨于hrsw对岸作哀,2024-05-02 02:58:10,二番目の記忆
1509425068,螃極訶徳,2023-09-17 18:02:21,貌似不是个有趣的灵魂。
1524426986,失眠-AZ,2025-06-12 16:05:05,望眼欲穿，不见归人。覆水难收，宁为玉碎 我纵茕茕孑立，难避漫漫长夜，然而长夜未尽，天将启明，难以平旦之孤星，何胜东方之既白
1525574685,贏弱的白河豚778,2023-06-27 21:07:46,你好 谢谢你的关注 什么都发
1542436332,尘诲灬,2022-11-18 13:29:10,我要搜什么来着？
1544871151,苏苏子好崩溃,2024-07-26 21:27:11,明日方舟启动！
1546943524,东德战士,2023-01-20 01:01:41,一切都从未逝去，它甚至从未过去
1547420299,恒爱Miku,2024-08-20 08:05:35,
1555564178,喵嘞嘞嘞嘞嘞嘞,2022-08-09 20:44:09,
1555963924,overband过期绷带,2024-05-18 09:21:49,
1573238489,JOHNNYZEPPELI,2024-04-15 00:20:45,
1589400157,坐钢叉有股淪落的美,2024-10-15 19:38:43,想跟我说话的话私信吧 我把我把评论提醒给关了
1603145915,伊予和学会,2025-03-31 20:48:01,趣味翻译者，翻译可自由使用，遵从原作规章即可。
1607139471,年糕入大王,2025-07-19 19:45:19,
1608802655,toriririri,2023-01-17 22:22:51,
1611931855,Tenju,2022-10-09 07:20:16,
1615799926,汽嘩檸濛,2022-08-31 21:34:32,hj
1616680538,人を葬る,2024-05-18 16:32:25,この苦行に従って、星の群れに到着した。
1624609161,Tk-HPYW,2024-10-17 23:49:17,
1635774575,yoshi-ki,2024-05-29 23:49:40,
1637923500,-泠辰,2025-07-18 19:46:53,为什么要演奏春日影？！
1640699972,罗盐泽,2022-07-25 19:08:45,
1645220839,杰斯311,2022-12-01 22:50:42,
1646858902,骑笨驴的小TV,2023-02-27 22:17:08,最爱杰洛.齐贝林啦！wotb 玩家
1652173082,珍黏,2023-04-15 18:52:21,
1671143521,Pulchar,2022-08-22 17:41:17,做视频是为了自己爽
1686046118,bili_50605846681,2025-06-04 23:28:30,
1693427057,bili_1693427057,2022-07-24 12:21:20,看头
1707916154,鬼灭忠粉额额额,2022-08-04 15:48:48,
1721832011,bili_40911970051,2024-03-20 17:06:27,
1734524269,rusteel锈铁,2025-02-06 01:32:39,
1738358975,愛的屍骸,2022-06-10 08:58:07,
1745748968,LemonRustylake,2023-04-09 19:50:40,偶尔有的慈悲，偶尔有的严酷
1750554826,Liescake,2025-07-17 15:14:55,球球你们去看我的收藏吧
1754572345,对此欲倒东南倾_,2023-06-18 11:08:32,
1761412039,芦苇吃屏人,2025-04-13 11:41:55,
1767720926,林是屑,2023-03-19 00:55:38,
1775491337,账号已注销,2023-04-17 00:34:53,
1778001933,账号已注销,2023-02-22 12:59:28,
1790900262,鲍勃渔人,2025-01-21 15:28:06,
1807215486,-贰拾壹转生即趋势-,2022-10-07 19:28:09,你们好，我是贰拾壹酱！ 当然叫笑话也可以，这是另一个圈名 刚刚转生来了，可以算新人吧？
1808595599,晨风拂过少年容,2025-06-18 18:39:13,晨风拂过少年容，意气风发向朝阳。 晚风拂过少年容，信念随风化虚无。
1811282425,IllllIlIll,2023-07-21 22:30:06,原来的账号不用了
1819431056,冷野澤りょうき,2024-04-08 13:21:26,谢谢小狗
1829535393,Telliecho7,2024-06-25 16:34:00,還是相信了緘默的梔子花，種下了那棵樹苗吶。
1838156284,红茶酱qwq,2023-02-25 15:56:08,一间小屋，二两闲暇，三瓜五枣，逝事如烟。 无端念想，路千行，此去平生是遗憾
1844472660,Elias桥本Channel,2023-09-30 21:29:21,游戏up主，想交流可以加群，群二维码私信，看到了就回
1864963803,仙草丸咂,2024-10-06 04:23:05,红绿灯小队赛高！！！ヾ(;ﾟ;Д;ﾟ;)ﾉﾞ
1866834253,铃木彩子,2022-10-16 03:14:13,
1871388678,Archimedes0423,2023-09-10 19:46:40,
1873419222,karma12261,2024-12-04 23:23:56,好的
1883134933,unuuunn,2022-05-21 13:18:05,
1885823896,Pearoo,2024-04-28 02:48:49,马骨
1886290452,シンエヴァンゲリオン,2022-06-04 23:14:21,以救济之指导 解读记忆之精粹 以救济之技法  取出人科之精粹 以救济之技法  施予存在之精粹 奇点将至 ECCE HOMO
1902268849,INYM-S-AIRIN,2022-11-21 13:29:10, 黄符为契，铜锣为引，移灵安寝，落叶归根。 
1902821581,卿雲踏歌行,2025-06-28 23:28:41,敢講性命真正遐無價值 也是講落魄就是咱的運命。 不常在，b站是拿来听歌的，偶尔发一点做的视频，请勿打扰。
1907536239,LiamLuLiam,2022-06-15 22:35:56,
1914391493,東雪塔菲0fficial,2023-12-19 21:31:26,哈呀哈基米，米呀米基哈
1932404111,零点五只兔子,2023-07-24 14:49:39,
1933979927,王金涛gofree,2025-06-29 22:27:20,A flower boy
1942762548,魔法少女秘封小博,2025-06-07 22:36:52,老东西。东方展会『东方幻梦游园会』的主催，『小博的兔团子工房』的裁缝，社团『魔法幻梦茶会』和『恋色花火邮社』的主催，『东·行』群主的老婆喵～
1946485135,月鱼如水,2024-10-01 12:22:25,
1948996444,-RAA,2025-07-09 21:00:31,⁺₊+.繧ｦ繧ｩ繝ｼ繧｢繧､繝九？ｼ₊*+.⁺
1951343996,厚米厨房,2023-07-13 15:08:13,
1956227684,bili_genkouritei,2023-04-09 13:36:29,
1959625992,匿名人_msrm,2024-12-29 12:41:47,『炭治郎重度依赖』
1960588268,大葱卷米库,2023-05-02 21:28:10,Miku酱是天使！！
1961349933,bili_36990561877,2023-11-15 21:42:45,
1969200072,lomjnm,2023-04-14 11:33:10,
1979590597,xyyyw9505,2024-09-19 12:20:10,
2015547223,账号已注销,2023-08-12 13:35:15,
2022038800,账号已注销,2022-06-22 15:03:13,
2029310964,不嚣与雾弥,2025-03-23 01:36:21,“健康地被杀也好过病怏怏地活着。”
2053239798,bili_2053239798,2025-05-31 13:59:44,
2056784108,あ_-_,2023-02-02 21:28:12,总也消除不了的偶发刺痛
2058049547,Heisei21,2023-12-15 14:49:10,(´･.ω･`)
2069564458,bili_48185381946,2025-03-21 20:29:42,
2075180056,阿墨是蓝墨,2022-10-15 09:48:32,嗯，我也没啥事干 能给六个币吗？ 我想改名啊！ 这名字好丢脸
2082072567,B站暗区罗哥,2022-10-03 17:46:35,
2084703314,萱MvO,2024-08-27 15:03:32,...我...表示无话可说。
2087621450,雏圣,2025-04-16 00:55:53,
2091398941,YH1729,2022-08-03 17:42:07,我现在冷静得快要吓死了。
2101802568,カララ1106,2025-01-01 09:44:43,ⓘ请允许我们在此献上最后的告别，以此纪念其在哔哩哔哩留下的回忆
2123117610,秋汐良Accisera,2022-06-01 00:47:36,神滨控制论文化研究会 | Neo-Posadistin | Magikalische Phaenomenologistin
2125743454,ハッピーエンド主義,2024-02-24 22:14:42,.。oO  单机选手，投稿基本为自用，一直很忙碌，低浮上，消息提醒off
2129692662,1211829529,2022-06-15 16:05:13,
2134675118,月光下的truth,2023-06-10 20:33:23,萨卡那行动万岁
3461567070865527,_パルパル_,2023-02-24 16:25:19,搬些自己喜欢的东西
3461567924406728,账号已注销,2023-01-18 17:47:26,
3461573844667308,bili_23289463891,2022-10-01 17:57:21,
3461576768097168,账号已注销,2024-03-06 03:39:28,
3461579286776376,今天也辛苦你了-_-,2024-07-19 16:45:05,活着
3493076624476304,账号已注销,2024-06-08 11:39:49,
3493078218312441,娱乐至死_x,2025-06-28 11:32:36,悲伤的主角厨 俺不是很敢在这里发作品
3493083029179116,淮汕kwww,2023-05-22 21:19:27,吃不吃米粉拌饭
3493088781667043,-_-_-_-_-_-__a,2023-05-27 21:10:22,我们于错误中降生 忘记了归乡之路 
3493103862286502,枫枫子之风,2025-01-26 13:32:59,樱花飘落的速度，是秒速五厘米
3493107152718333,日の西側,2024-12-13 19:12:44,
3493111795813216,账号已注销,2023-07-27 14:18:39,
3493113341413438,近江的跑屋,2023-03-15 09:49:46,近江の走り屋
3493114020891506,一代天骄-成吉牢汗,2024-01-07 01:46:58,你说的对，但是山河牢大学是由来自东大山河四省的科比们凭借至高无上的肘击亲自创办的大学
3493114972998055,覇かかタカシ,2023-03-19 13:02:26,您好
3493117638477898,肉樣胎塊,2023-04-08 10:06:12,
3493120555617224,欢游诣_,2024-01-24 20:38:12,无论你怎么转身 在你身后的只有你的屁股
3493121067322031,二兩老友,2024-12-18 17:20:23,
3493122839414818,胡桃不吃七,2024-10-02 17:26:49,The past is never dead  it’s not even past.
3493125272111380,戴安娜昭和,2024-09-28 07:33:59,
3493126589123238,账号已注销,2023-09-05 10:38:17,
3493126662523730,九冻夜雀舌,2023-03-27 11:06:55,枯竭
3493127035815967,bOB遊客,2025-06-09 20:40:29,
3493133008504898,改名要根号6方个硬币,2023-03-12 01:04:51,
3493134036110138,Blau-Kornblume,2023-03-02 13:17:41,Wir sind überall 
3493143070640242,橘猫局猫菊猫,2025-04-13 00:46:20,
3493145455102676,bili_13047634544,2023-04-05 21:14:55,
3493257191360987,スモッグ・夢,2024-08-17 14:51:05,.
3493257468185384,最期で最後_,2023-08-14 16:09:23,无
3493257524808007,账号已注销,2023-03-13 21:28:17,
3493260892834773,你好岁月73,2025-06-07 10:59:50,
3493277001058425,幸せですニマ,2024-02-24 20:07:17,
3493277043001994,書54,2025-04-11 22:12:03,
3493280327141510,魔法喵使い,2025-01-25 06:16:56,▔⩊▔·
3493284003449319,sky_辞屿,2023-11-11 18:27:38,
3493290043246967,只喜欢刷视频的人,2024-07-08 15:58:01,只喜欢刷时团三大视频的人，术术人一枚（teto厨），恐游视频专业高能君
3494350747076676,Hoklku,2024-06-05 14:33:08,
3494352315746968,Rikuリク,2024-03-24 12:08:11,僕らは命の火が消えるその日まで歩いてゆく
3494356780583607,账号已注销,2023-07-31 15:07:33,
3494358632368813,是koishi_,2023-07-12 10:01:30,不至于吧
3494359215376534,sHiki_移动,2024-12-14 09:34:36,若仅靠音乐就能活下去，那我大概是世上最幸福的人
3494360565942672,苔花MossFlower,2024-06-29 13:38:22,视频为记录学习所用
3494361597741065,sefcgvv,2024-01-09 08:21:53,
3494363634076512,要不回去吧,2024-05-18 01:03:48,
3494367960500603,AAA刘自信,2025-04-11 13:28:13,
3494369063602942,ksydvedj,2023-08-16 20:40:30,头像自己乱画的
3494374677678881,术-福-酱,2024-11-30 15:14:09,一直执着于安乐死的兽
3494377070529032,デフォ子-,2024-07-13 16:58:27,这个人还是太懒了
3537105152117031,无脊椎类三花猫,2023-07-23 20:51:20,会删评论对不起，我是喜欢你们的，十分对不起  你知道吗，我们不能相见是因为人群太乱，等人群散去，你终会看见我的
3537106615929767,sagyo_34,2023-08-05 01:59:36,偶尔上线不常看消息，抱歉！  icon by 天方s
3537106739661535,啊巴拉啊,2025-06-14 19:49:46,
3537106815158604,不会取名所以没有取,2025-06-10 17:49:01,二次元は私が生きている理由、私が生きている意味、私のすべてです。
3537113492491167,闪耀银河瑠美奈,2024-10-15 21:42:21,Allons-y
3537113821743761,鯉の里,2024-02-10 17:48:07,
3537114354419895,王水等于盐酸加硝酸,2024-07-21 01:47:40,主推品质佳及平p相关 婶婶放猪 千页豆腐和他的三个乐队（？）  黑托利亚 同好来找我玩！！！！
3537116195720159,Ermilio,2024-06-22 18:08:42,We can be Heroes.
3546374928861332,伊小羙z937,2023-08-26 13:22:23,我是一个小可爱
3546375788693653,Etizolam-Gloria,2023-12-23 18:23:08,!Va La¡ 不是¡Viva La!
3546376891796267,丁好好_,2025-03-31 11:08:37,
3546380786207004,RinToooooo,2023-09-17 18:29:58,
3546387918620780,flagraqu,2024-01-24 14:47:58,
3546389051083352,8987731,2024-07-22 20:49:27,
3546389113997691,orangeisland314,2025-01-14 13:30:41,世界不存在。
3546554302466070,溜冰偷摸零,2025-07-13 09:14:55,
3546555386693876,远方歌声犹在耳边,2023-12-01 11:52:01,
3546563183905203,倾倾亲吻小北,2023-10-15 15:47:13,叫我倾倾吧 推：不二咲千寻 黑礁索亚 湿婆 零余子 空木言子
3546565375428713,核彈姐的電子垃圾场,2024-11-04 23:23:07,只说自己想说的。
3546568862992451,imi_tankyu_sha,2024-12-17 09:32:23,国人，自称为探求者，很少投稿，偶尔玩点utau。我爱音乐，我爱艺术，我爱我自己。
3546577390013372,深铁岗厦北站一14号线,2025-07-10 17:10:11,
3546581362018613,半透明少女,2024-08-01 14:06:49,
3546582725167696,草长莺飞officie,2024-11-25 11:23:10,
3546586030279308,肆小青,2024-11-30 22:01:18,末填名
3546602327247513,拉史癫痫,2024-08-12 01:54:59,不常上B站口牙
3546612747995327,可以成为人类吗,2024-07-26 18:17:16,＝鱼板/极东 
3546624397674643,猫猫希儿不会梦到板鸭,2024-12-23 23:43:11,这个很神秘，什么都没有写
3546627769895563,Roselynロザリン,2024-03-18 21:06:17,I'll fall into this bottomless abyss  gradually waiting to decay
3546627922987175,PalcDzoncphanc,2024-04-17 12:04:12,
3546632159234279,塑料不可食用,2024-09-20 21:45:14,
3546636500339057,周三五月过五一,2024-11-30 21:48:13,
3546661894752510,石头帽子,2024-12-21 20:00:54,对不起……恋恋…… 好喜欢恋恋了 因为…只有恋恋…… 什么啊…说的就好像是救命稻草一样 只是…… 喜欢恋恋的那种无知
3546686444014012,账号已注销,2024-07-06 12:13:08,
3546694780192799,没名字了我真的会谢,2024-06-07 13:42:27,
3546694841010810,账号已注销,2024-06-05 00:19:36,
3546751002741464,人本本人人人人,2024-10-26 08:55:37,你
3546758049172129,纸闹钟,2024-10-27 21:40:55,
3546768153250216,美西螈骑士,2025-03-31 00:15:41,黑发蓝瞳神秘女歌手厨
3546790666176680,Spiralboundary,2024-11-29 16:28:51,
3546795288300106,一只不屑莉莉丝ovo,2024-12-13 22:39:14,永不转黑
3546810693978494,NijikaNakama,2024-12-01 16:49:18,
3546829436226046,W15h_-,2025-06-13 07:39:29,
3546883242854693,A_n_s_e_n,2025-07-20 04:55:48,
3546900441598336,KaminoProduction,2025-06-13 08:40:56,你的欲望是我死去的尾巴。
3546935973644951,迫不及待想听歌,2025-07-17 15:11:10,
